State County,City,Property Name,Property Numbe Site Number Category,Division District,Property Name Property Numbe Site Number,Unnamed: 0,Category,Property Numbe Site Number
167 Sites in New York,,,,,,,,
NY Albany County,ALTAMONT,NORTHEASTERN INDUSTRIAL PARK,C02NY0002 01 HTRW,NAD NAE,,,,
NY Albany County,ALTAMONT,NORTHEASTERN INDUSTRIAL PARK,C02NY0002 03 HTRW,NAD NAE,,,,
NY Albany County,ALTAMONT,NORTHEASTERN INDUSTRIAL PARK,C02NY0002 04 HTRW,NAD NAE,,,,
NY Albany County,ALTAMONT,NORTHEASTERN INDUSTRIAL PARK,C02NY0002 05 HTRW,NAD NAE,,,,
NY Clinton County,AU SABLE FORKS,PLATTSBURGH ATLAS S-6,C02NY0211 01 CON/HTRW,NAD NAE,,,,
NY Franklin County,BANGOR,BANGOR GAP FIL AX,C02NY0585 01 CON/HTRW,NAD NAE,,,,
NY Franklin County,BANGOR,BANGOR GAP FIL AX,C02NY0585 02 BD/DR,NAD NAE,,,,
NY Queens County,BREEZY POINT,FT TILDEN,C02NY0016 01 CON/HTRW,NAD NAE,,,,
NY Queens County,BREEZY POINT,FT TILDEN,C02NY0016 02 BD/DR,NAD NAE,,,,
NY Queens County,BREEZY POINT,FT TILDEN,C02NY0016 03 HTRW,NAD NAE,,,,
NY Queens County,BREEZY POINT,FT TILDEN,C02NY0016 04 MMRP,NAD NAE,,,,
NY Queens County,BREEZY POINT,FT TILDEN,C02NY0016 05 CON/HTRW,NAD NAE,,,,
NY Queens County,BREEZY POINT,FT TILDEN,C02NY0016 06 HTRW,NAD NAE,,,,
NY Queens County,BREEZY POINT,FT TILDEN,C02NY0016 07 HTRW,NAD NAE,,,,
NY Queens County,BREEZY POINT,FT TILDEN,C02NY0016 08 MMRP,NAD NAE,,,,
NY Bronx County,BRONX,NAVY TRAINING SCHOOL,C02NY1086 01 CON/HTRW,NAD NAE,,,,
NY Bronx County,BRONX,NIKE BAT NY 15 LAUNCH,C02NY0018 01 BD/DR,NAD NAE,,,,
NY Bronx County,BRONX,NIKE BAT NY 15 LAUNCH,C02NY0018 02 CON/HTRW,NAD NAE,,,,
NY Erie County,BUFFALO,AFPLT NO 18,C02NY0572 01 CON/HTRW,NAD NAE,,,,
NY Erie County,BUFFALO,AFPLT NO 49,C02NY0574 01 CON/HTRW,NAD NAE,,,,
NY Erie County,BUFFALO,NIKE BU 09,C02NY0091 02 CON/HTRW,NAD NAE,,,,
NY Erie County,BUFFALO,STERLING ENGINE CO,C02NY0977 01 CON/HTRW,NAD NAE,,,,
NY Oswego County,CENTRAL SQUARE,SUTTON COR GAP FIL AX,C02NY0717 01 CON/HTRW,NAD NAE,,,,
NY Clinton County,CHAMPLAIN,PLATTSBURGH ATLAS S-1,C02NY0206 01 CON/HTRW,NAD NAE,,,,
NY Chautauqua County,CHERRY CREEK,CHARLOTTE CEN GFA,C02NY0600 01 CON/HTRW,NAD NAE,,,,
NY Onondaga County,CICERO,SYRACUSE AAF,C02NY0723 01 CON/HTRW,NAD NAE,,,,
NY Putnam County,COLD SPRING,MARATHON BAT PLT,C02NY0602 01 PRP/HTRW,NWD NWO,,,,
NY Erie County,EAST AURORA,NIKE BU 34/35,C02NY0077 01 HTRW,NAD NAE,,,,
NY Erie County,EAST AURORA,NIKE BU 34/35,C02NY0077 02 CON/HTRW,NAD NAE,,,,
NY Suffolk County,EAST HAMPTON,CARTWRIGHT IS BOMB TAR,C02NY0965 01 MMRP,NAD NAE,,,,
NY Suffolk County,EAST HAMPTON,FORT MICHIE,C02NY0612 01 CON/HTRW,NAD NAE,,,,
NY Suffolk County,EAST HAMPTON,FORT MICHIE,C02NY0612 03 MMRP,NAD NAE,,,,
NY Essex County,ELIZABETHTOWN,PLATTSBURGH ATLAS S-5,C02NY0210 01 CON/HTRW,NAD NAE,,,,
NY Clinton County,ELLENBURG,PLATTSBURGH ATLAS S-10,C02NY0215 01 CON/HTRW,NAD NAE,,,,
NY Clinton County,ELLENBURG,PLATTSBURGH ATLAS S-9,C02NY0214 01 CON/HTRW,NAD NAE,,,,
,CENTER,,,,,,,
NY Clinton County,ELLENBURG,PLATTSBURGH ATLAS S-11,C02NY0216 01 BD/DR,NAD NAE,,,,
,DEPOT,,,,,,,
NY Clinton County,ELLENBURG,PLATTSBURGH ATLAS S-11,C02NY0216 02 CON/HTRW,NAD NAE,,,,
,DEPOT,,,,,,,
NY Clinton County,ELLENBURG,PLATTSBURGH ATLAS S-11,C02NY0216 03 HTRW,NAD NAE,,,,
,DEPOT,,,,,,,
NY Essex County,ESSEX,PLATTSBURGH ATLAS S-4,C02NY0209 01 CON/HTRW,NAD NAE,,,,
NY Essex County,ESSEX,PLATTSBURGH ATLAS S-4,C02NY0209 02 PRP/HTRW,NAD NAE,,,,
NY Queens County,FAR ROCKAWAY,R/WAY PT FCS #13,C02NY0690 01 BD/DR,NAD NAE,,,,
NY Suffolk County,FISHERS ISLAND,FORT H G WRIGHT,C02NY0610 01 MMRP,NAD NAE,,,,
NY Suffolk County,FISHERS ISLAND,N HILL FIRE CON STA,C02NY0661 01 MMRP,NAD NAE,,,,
NY Queens County,FLUSHING,ENGINEER SCH,C02NY0057 01 CON/HTRW,NAD NAE,,,,
NY Queens County,FLUSHING,ENGINEER SCH,C02NY0057 02 HTRW,NAD NAE,,,,
NY Queens County,FLUSHING,ENGINEER SCH,C02NY0057 03 BD/DR,NAD NAE,,,,
NY Kings County,FORT HAMILTON,FORT LAFAYETTE,C02NY0752 01 MMRP,NAD NAE,,,,
NY Nassau County,GARDEN CITY,ROOSEVELT FIELD,C02NY0997 01 PRP/HTRW,NAD NAB,,,,
NY Schenectady County,GLENVILLE,US NAV SUP DEPOT,C02NY0750 01 PRP/HTRW,NAD NAE,,,,
NY Schenectady County,GLENVILLE,US NAV SUP DEPOT,C02NY0750 02 HTRW,NAD NAE,,,,
NY New York County,GOVERNORS,FORT JAY,C02NY0611 01 MMRP,NAD NAE,,,,
,ISLAND,,,,,,,
NY New York County,GOVERNORS,FORT JAY,C02NY0611 02 MMRP,NAD NAE,,,,
,ISLAND,,,,,,,
NY Erie County,GRAND ISLAND,NIKE NF-41,C02NY0078 01 CON/HTRW,NAD NAE,,,,
NY Erie County,GRAND ISLAND,NIKE NF-41,C02NY0078 02 BD/DR,NAD NAE,,,,
NY Monroe County,GREECE,AFPLT NO 51,C02NY0575 01 CON/HTRW,NAD NAE,,,,
NY Monroe County,GREECE,AFPLT NO 51,C02NY0575 02 HTRW,NAD NAE,,,,
NY Monroe County,GREECE,AFPLT NO 51,C02NY0575 03 PRP/HTRW,NAD NAB,,,,
NY Erie County,HAMBURG,NIKE BU 51/52,C02NY0079 01 CON/HTRW,NAD NAE,,,,
NY Erie County,HAMBURG,NIKE BU 51/52,C02NY0079 02 HTRW,NAD NAE,,,,
NY Nassau County,HEMPSTEAD,MITCHEL FIELD,C02NY0645 01 CON/HTRW,NAD NAE,,,,
NY Nassau County,HEMPSTEAD,MITCHEL FIELD,C02NY0645 02 HTRW,NAD NAE,,,,
NY Nassau County,HEMPSTEAD,MITCHEL FIELD,C02NY0645 03 MMRP,NAD NAE,,,,
NY Jefferson County,HENDERSON,MADISON BKS TRGT R,C02NY0204 00 MMRP,NAD NAE,,,,
NY Jefferson County,HENDERSON,MADISON BKS TRGT R,C02NY0204 01 HTRW,NAD NAE,,,,
NY Chemung County,HORSEHEADS,ELMIRA SUB DEPOT,C02NY0203 01 CON/HTRW,NAD NAE,,,,
NY Queens County,JAMAICA,NAV HOSPITAL,C02NY0763 01 CON/HTRW,NAD NAE,,,,
NY Queens County,JAMAICA,NAV HOSPITAL,C02NY0763 02 BD/DR,NAD NAE,,,,
NY Queens County,JAMAICA,NAV HOSPITAL,C02NY0763 03 HTRW,NAD NAE,,,,
NY Erie County,LANCASTER,NIKE BU 18,C02NY0076 01 CON/HTRW,NAD NAE,,,,
NY Niagara County,LEWISTON,NIKE NF 03,C02NY0074 00 CON/HTRW,NAD NAE,,,,
NY Nassau County,LIDO BEACH,NIKE NY 29/30,C02NY0090 02 PRP/HTRW,NAD NAB,,,,
NY Onondaga County,LYSANDER,NEW YORK ORDNANCE WORKS,C02NY0290 01 HTRW,NAD NAE,,,,
NY Onondaga County,LYSANDER,NEW YORK ORDNANCE WORKS,C02NY0290 02 CON/HTRW,NAD NAE,,,,
NY Onondaga County,LYSANDER,NEW YORK ORDNANCE WORKS,C02NY0290 03 MMRP,NAD NAE,,,,
NY Saratoga County,MALTA,MALTA TEST STA,C02NY0898 01 PRP/HTRW,NWD NWK,,,,
NY Saratoga County,MALTA,MALTA TEST STA,C02NY0898 02 MMRP,NAD NAE,,,,
NY Saratoga County,MALTA,MALTA TEST STA,C02NY0898 03 CON/HTRW,NAD NAE,,,,
NY Suffolk County,MONTAUK,CP HERO,C02NY0024 01 CON/HTRW,NAD NAE,,,,
NY Suffolk County,MONTAUK,CP HERO,C02NY0024 02 BD/DR,NAD NAE,,,,
NY Suffolk County,MONTAUK,CP HERO,C02NY0024 03 HTRW,NAD NAE,,,,
NY Suffolk County,MONTAUK,CP HERO,C02NY0024 04 MMRP,NAD NAE,,,,
NY Suffolk County,MONTAUK,CP HERO,C02NY0024 05 MMRP,NAD NAE,,,,
NY Suffolk County,MONTAUK,CP HERO,C02NY0024 06 MMRP,NAD NAE,,,,
NY Suffolk County,MONTAUK,MONTAUK NAVAL SUB BASE,C02NY0766 01 HTRW,NAD NAE,,,,
NY Suffolk County,MONTAUK,MONTAUK NAVAL SUB BASE,C02NY0766 02 MMRP,NAD NAE,,,,
NY Orange County,MONTGOMERY,MONTGOMERY AUX FLD #1,C02NY0649 01 CON/HTRW,NAD NAE,,,,
NY Orange County,MONTGOMERY,STE OUTER MARK AX,C02NY0710 01 CON/HTRW,NAD NAE,,,,
NY Clinton County,MOOERS FORKS,PLATTSBURGH ATLAS S-12,C02NY0217 01 BD/DR,NAD NAE,,,,
NY Clinton County,MOOERS FORKS,PLATTSBURGH ATLAS S-12,C02NY0217 02 PRP/HTRW,NAD NAE,,,,
NY Westchester County,NEW ROCHELLE,FORT SLOCUM,C02NY0616 00 CON/HTRW,NAD NAE,,,,
NY Westchester County,NEW ROCHELLE,FORT SLOCUM,C02NY0616 01 HTRW,NAD NAE,,,,
NY Westchester County,NEW ROCHELLE,FORT SLOCUM,C02NY0616 02 MMRP,NAD NAE,,,,
NY Westchester County,NEW ROCHELLE,FORT SLOCUM-NEPTUNE,C02NY0617 01 CON/HTRW,NAD NAE,,,,
NY Orange County,NEW WINDSOR,STE OBS LIGHT ANX,C02NY0709 01 CON/HTRW,NAD NAE,,,,
NY Orange County,NEWBURGH,NAVSTORHOUSE-SHIPYARD,C02NY0963 01 CON/HTRW,NAD NAE,,,,
NY Orange County,NEWBURGH,STEWART AFB,C02NY0704 01 HTRW,NAD NAE,,,,
NY Orange County,NEWBURGH,STEWART AFB,C02NY0704 02 CON/HTRW,NAD NAE,,,,
NY Niagara County,NIAGARA FALLS,NIAG FALLS AR CHEM PLT,C02NY0205 01 PRP/HTRW,NWD NWK,,,,
NY Franklin County,NO CITY,PLATTSBURGH ATLAS S-7,C02NY0212 01 PRP/MMRP,NAD NAB,,,,
NY Kings County,NO CITY,ATL BASIN IRON WORKS,C02NY0969 01 CON/HTRW,NAD NAE,,,,
NY Kings County,NO CITY,FLOYD BENNETT FLD,C02NY0020 01 CON/HTRW,NAD NAE,,,,
NY Kings County,NO CITY,FLOYD BENNETT FLD,C02NY0020 02 HTRW,NAD NAE,,,,
NY Kings County,NO CITY,MILITARY OCEAN TER,C02NY0642 01 CON/HTRW,NAD NAE,,,,
NY Kings County,NO CITY,MILITARY OCEAN TER,C02NY0642 02 BD/DR,NAD NAE,,,,
NY Kings County,NO CITY,NAVY BARRACKS BKLYN,C02NY0174 01 CON/HTRW,NAD NAE,,,,
NY Nassau County,NO CITY,SHO BEA FIRE CON STA,C02NY0698 01 BD/DR,NAD NAE,,,,
NY Orange County,NO CITY,COLD SPRING FOUNDRY,C02NY1127 01 MMRP,NAD NAE,,,,
NY Orange County,NO CITY,COLD SPRING FOUNDRY,C02NY1127 02 MMRP,NAD NAE,,,,
NY Nassau County,NORTH BELLMORE,MIT COMM FAC AX #1 REC,C02NY0646 01 BD/DR,NAD NAE,,,,
NY Nassau County,NORTH BELLMORE,MIT COMM FAC AX #1 REC,C02NY0646 02 CON/HTRW,NAD NAE,,,,
NY Rockland County,ORANGEBURG,NIKE NY 04/05,C02NY0065 01 CON/HTRW,NAD NAE,,,,
NY Suffolk County,ORIENT,PLUM ISLAND ANIMAL RESEARCH,C02NY0010 01 BD/DR,NAD NAE,,,,
,,CENTER,,,,,,
NY Suffolk County,ORIENT,PLUM ISLAND ANIMAL RESEARCH,C02NY0010 02 CON/HTRW,NAD NAE,,,,
,,CENTER,,,,,,
NY Suffolk County,ORIENT,PLUM ISLAND ANIMAL RESEARCH,C02NY0010 03 HTRW,NAD NAE,,,,
,,CENTER,,,,,,
NY Suffolk County,ORIENT,PLUM ISLAND ANIMAL RESEARCH,C02NY0010 04 PRP/HTRW,NAD NAE,,,,
,,CENTER,,,,,,
NY St Lawrence County,OSWEGATCHIE,OSWEGATCHIE GAP FIL AX,C02NY0666 01 CON/HTRW,NAD NAE,,,,
NY Oswego County,OSWEGO,FORT ONTARIO,C02NY0614 01 MMRP,NAD NAE,,,,
NY Monroe County,ROCHESTER,NAVY & MARINE CNTR #3,C02NY1075 01 HTRW,NAD NAE,,,,
NY Schenectady County,ROTTERDAM,ROTTERDAM INDUST. PARK,C02NY0017 01 CON/HTRW,NAD NAE,,,,
NY Schenectady County,ROTTERDAM,ROTTERDAM INDUST. PARK,C02NY0017 03 HTRW,NAD NAE,,,,
NY Jefferson County,SACKETS HARBOR,FT MADISON BARRACKS,C02NY0013 00 CON/HTRW,NAD NAE,,,,
NY Niagara County,SANBORN,LOCKPORT AFS,C02NY0868 01 CON/HTRW,NAD NAE,,,,
NY Niagara County,SANBORN,LOCKPORT AFS,C02NY0868 02 HTRW,NAD NAE,,,,
NY Niagara County,SANBORN,NIKE BAT NF16,C02NY0093 01 CON/HTRW,NAD NAE,,,,
NY Nassau County,SANDS POINT,US NAV TRG DEVICE CEN,C02NY0758 01 CON/HTRW,NAD NAE,,,,
NY Nassau County,SANDS POINT,US NAV TRG DEVICE CEN,C02NY0758 02 HTRW,NAD NAE,,,,
NY Nassau County,SANDS POINT,US NAV TRG DEVICE CEN,C02NY0758 03 MMRP,NAD NAE,,,,
NY Clinton County,SARANAC,PLATTSBURGH ATLAS S-8,C02NY0213 01 CON/HTRW,NAD NAE,,,,
NY Suffolk County,SHOREHAM,NIKE NY-25 CON AREA,C02NY0066 00 CON/HTRW,NAD NAE,,,,
NY Rockland County,SPRING VALLEY,NIKE NY 99,C02NY0067 01 CON/HTRW,NAD NAE,,,,
NY Rockland County,SPRING VALLEY,NIKE NY 99,C02NY0067 02 BD/DR,NAD NAE,,,,
NY Richmond County,STATEN ISLAND,MILLER FLD,C02NY0001 01 CON/HTRW,NAD NAE,,,,
NY Richmond County,STATEN ISLAND,SWINBURNE ISL S/LIGHT,C02NY0718 01 BD/DR,NAD NAE,,,,
NY Richmond County,STATEN ISLAND,SWINBURNE ISL S/LIGHT,C02NY0718 02 CON/HTRW,NAD NAE,,,,
NY Saratoga County,STILLWATER,SARATOGA AF STA 250,C02NY0905 01 CON/HTRW,NAD NAE,,,,
NY Nassau County,SYOSSET,SYOSSET NAV INDRESACFT,C02NY0746 01 CON/HTRW,NAD NAE,,,,
NY Onondaga County,SYRACUSE,SYRACUSE AFS MCC-10,C02NY0719 01 CON/HTRW,NAD NAE,,,,
NY Rockland County,TOMKINS COVE,IONA ISLAND NAVAL AMMUNITION,C02NY0744 01 CON/HTRW,NAD NAE,,,,
,,DEPOT,,,,,,
NY Rockland County,TOMKINS COVE,IONA ISLAND NAVAL AMMUNITION,C02NY0744 02 HTRW,NAD NAE,,,,
,,DEPOT,,,,,,
NY Rockland County,TOMKINS COVE,IONA ISLAND NAVAL AMMUNITION,C02NY0744 03 MMRP,NAD NAE,,,,
,,DEPOT,,,,,,
NY Wyoming County,VILLAGE OF,CAMP O'RYAN - WETHERSFIELD,C02NY1132 01 HTRW,NAD NAE,,,,
,"NORTH JAVA,",TRAINING AREA,,,,,,
,TOWN OF,,,,,,,
,WETHERSFI,,,,,,,
NY Jefferson County,WATERTOWN,ROCHESTER ORD STO FAC,C02NY0678 00 MMRP,NAD NAE,,,,
NY Jefferson County,WATERTOWN,WATERTOWN AF STA 249,C02NY0906 01 CON/HTRW,NAD NAE,,,,
NY Clinton County,WEST CHAZY,PLATTSBURG OTR MK AUX,C02NY0682 01 CON/HTRW,NAD NAE,,,,
NY Suffolk County,WESTHAMPTON,SUFFOLK CO AAF&B&C RGE,C02NY0713 01 MMRP,NAD NAE,,,,
NY Suffolk County,WESTHAMPTON,SUFFOLK COUNTY AFB,C02NY0712 01 CON/HTRW,NAD NAE,,,,
NY Suffolk County,WESTHAMPTON,SUFFOLK COUNTY AFB,C02NY0712 02 HTRW,NAD NAE,,,,
NY Suffolk County,WESTHAMPTON,SUFFOLK COUNTY AFB,C02NY0712 03 PRP/HTRW,NAD NAB,,,,
NY Suffolk County,WESTHAMPTON,SUFFOLK COUNTY AFB,C02NY0712 04 MMRP,NAD NAE,,,,
NY Suffolk County,WESTHAMPTON,SUFFOLK COUNTY AFB,C02NY0712 06 MMRP,NAD NAE,,,,
NY Westchester County,WHITE PLAINS,NIKE NY 09,C02NY0094 01 CON/HTRW,NAD NAE,,,,
NY Seneca County,WILLARD,SAMPSON AFB,C02NY0032 00 CON/HTRW,NAD NAE,,,,
NY Seneca County,WILLARD,SAMPSON AFB,C02NY0032 01 BD/DR,NAD NAE,,,,
NY Seneca County,WILLARD,SAMPSON AFB,C02NY0032 02 MMRP,NAD NAE,,,,
NY Seneca County,WILLARD,SAMPSON AFB,C02NY0032 03 HTRW,NAD NAE,,,,
NY Niagara County,YOUNGSTOWN,AFPLT NO 68,C02NY0576 01 BD/DR,NAD NAE,,,,
NY Niagara County,YOUNGSTOWN,FORT NIAGARA,C02NY0613 01 CON/HTRW,NAD NAE,,,,
NY Niagara County,YOUNGSTOWN,FORT NIAGARA,C02NY0613 02 HTRW,NAD NAE,,,,
NY Niagara County,YOUNGSTOWN,FORT NIAGARA,C02NY0613 03 MMRP,NAD NAE,,,,
NY Niagara County,YOUNGSTOWN,LAKE ONTARIO ORDNANCE WORKS,C02NY0025 00 HTRW,NAD NAE,,,,
NY Niagara County,YOUNGSTOWN,LAKE ONTARIO ORDNANCE WORKS,C02NY0025 01 HTRW,NAD NAE,,,,
NY Niagara County,YOUNGSTOWN,LAKE ONTARIO ORDNANCE WORKS,C02NY0025 02 HTRW,NAD NAE,,,,
NY Niagara County,YOUNGSTOWN,LAKE ONTARIO ORDNANCE WORKS,C02NY0025 04 HTRW,NAD NAE,,,,
NY Niagara County,YOUNGSTOWN,LAKE ONTARIO ORDNANCE WORKS,C02NY0025 06 CON/HTRW,NAD NAE,,,,
NY Niagara County,YOUNGSTOWN,LAKE ONTARIO ORDNANCE WORKS,C02NY0025 10 HTRW,NAD NAE,,,,
NY Niagara County,YOUNGSTOWN,LAKE ONTARIO ORDNANCE WORKS,C02NY0025 11 HTRW,NAD NAE,,,,
NY Niagara County,YOUNGSTOWN,LAKE ONTARIO ORDNANCE WORKS,C02NY0025 12 HTRW,NAD NAE,,,,
68 Sites in West Virginia,,,,,,,,
WV Kanawha County,CHARLESTON,YEAGER AIR NATIONAL GUARD,G03WV0001 02 CON/HTRW,LRD LRL,,,,
WV Kanawha County,CHARLESTON,YEAGER AIR NATIONAL GUARD,G03WV0001 03 HTRW,LRD LRL,,,,
WV Mason County,CHESHIRE,WEST VIRGINIA ORD WORKS,G03WV0015 00 HTRW,LRD LRL,,,,
WV Mason County,CHESHIRE,WEST VIRGINIA ORD WORKS,G03WV0015 01 HTRW,LRD LRL,,,,
WV Mason County,CHESHIRE,WEST VIRGINIA ORD WORKS,G03WV0015 02 HTRW,LRD LRL,,,,
WV Mason County,CHESHIRE,WEST VIRGINIA ORD WORKS,G03WV0015 03 HTRW,LRD LRL,,,,
WV Mason County,CHESHIRE,WEST VIRGINIA ORD WORKS,G03WV0015 04 HTRW,LRD LRL,,,,
WV Mason County,CHESHIRE,WEST VIRGINIA ORD WORKS,G03WV0015 05 HTRW,LRD LRL,,,,
WV Mason County,CHESHIRE,WEST VIRGINIA ORD WORKS,G03WV0015 06 HTRW,LRD LRL,,,,
WV Mason County,CHESHIRE,WEST VIRGINIA ORD WORKS,G03WV0015 07 HTRW,LRD LRL,,,,
WV Mason County,CHESHIRE,WEST VIRGINIA ORD WORKS,G03WV0015 08 HTRW,LRD LRL,,,,
WV Mason County,CHESHIRE,WEST VIRGINIA ORD WORKS,G03WV0015 09 HTRW,LRD LRL,,,,
WV Mason County,CHESHIRE,WEST VIRGINIA ORD WORKS,G03WV0015 10 HTRW,LRD LRL,,,,
WV Mason County,CHESHIRE,WEST VIRGINIA ORD WORKS,G03WV0015 11 HTRW,LRD LRL,,,,
WV Mason County,CHESHIRE,WEST VIRGINIA ORD WORKS,G03WV0015 12 HTRW,LRD LRL,,,,
WV Mason County,CHESHIRE,WEST VIRGINIA ORD WORKS,G03WV0015 13 HTRW,LRD LRL,,,,
WV Mason County,CHESHIRE,WEST VIRGINIA ORD WORKS,G03WV0015 14 HTRW,LRD LRL,,,,
WV Mason County,CHESHIRE,WEST VIRGINIA ORD WORKS,G03WV0015 15 HTRW,LRD LRL,,,,
WV Mason County,CHESHIRE,WEST VIRGINIA ORD WORKS,G03WV0015 16 HTRW,LRD LRL,,,,
WV Mason County,CHESHIRE,WEST VIRGINIA ORD WORKS,G03WV0015 17 HTRW,LRD LRL,,,,
WV Mason County,CHESHIRE,WEST VIRGINIA ORD WORKS,G03WV0015 25 HTRW,LRD LRL,,,,
WV Mason County,CHESHIRE,WEST VIRGINIA ORD WORKS,G03WV0015 35 PRP/HTRW,LRD LRL,,,,
WV Mason County,CHESHIRE,WEST VIRGINIA ORD WORKS,G03WV0015 40 HTRW,LRD LRL,,,,
WV Mason County,CHESHIRE,WEST VIRGINIA ORD WORKS,G03WV0015 41 HTRW,LRD LRL,,,,
WV Mason County,CHESHIRE,WEST VIRGINIA ORD WORKS,G03WV0015 44 HTRW,LRD LRL,,,,
WV Mason County,CHESHIRE,WEST VIRGINIA ORD WORKS,G03WV0015 46 HTRW,LRD LRL,,,,
WV Mason County,CHESHIRE,WEST VIRGINIA ORD WORKS,G03WV0015 50 MMRP,LRD LRL,,,,
WV Mason County,CHESHIRE,WEST VIRGINIA ORD WORKS,G03WV0015 60 HTRW,LRD LRL,,,,
WV Mason County,CHESHIRE,WEST VIRGINIA ORD WORKS,G03WV0015 62 HTRW,LRD LRL,,,,
WV Mason County,CHESHIRE,WEST VIRGINIA ORD WORKS,G03WV0015 64 HTRW,LRD LRL,,,,
WV Mason County,CHESHIRE,WEST VIRGINIA ORD WORKS,G03WV0015 70 HTRW,LRD LRL,,,,
WV Mason County,CHESHIRE,WEST VIRGINIA ORD WORKS,G03WV0015 80 HTRW,LRD LRL,,,,
WV Mason County,CHESHIRE,WEST VIRGINIA ORD WORKS,G03WV0015 81 HTRW,LRD LRL,,,,
WV Mason County,CHESHIRE,WEST VIRGINIA ORD WORKS,G03WV0015 82 HTRW,LRD LRL,,,,
WV Mason County,CHESHIRE,WEST VIRGINIA ORD WORKS,G03WV0015 83 HTRW,LRD LRL,,,,
WV Mason County,CHESHIRE,WEST VIRGINIA ORD WORKS,G03WV0015 84 HTRW,LRD LRL,,,,
WV Mason County,CHESHIRE,WEST VIRGINIA ORD WORKS,G03WV0015 85 CON/HTRW,LRD LRL,,,,
WV Mason County,CHESHIRE,WEST VIRGINIA ORD WORKS,G03WV0015 87 HTRW,LRD LRL,,,,
WV Mason County,CHESHIRE,WEST VIRGINIA ORD WORKS,G03WV0015 88 HTRW,LRD LRL,,,,
WV Mason County,CHESHIRE,WEST VIRGINIA ORD WORKS,G03WV0015 90 HTRW,LRD LRL,,,,
WV Mason County,CHESHIRE,WEST VIRGINIA ORD WORKS,G03WV0015 91 HTRW,LRD LRL,,,,
WV Mason County,CHESHIRE,WEST VIRGINIA ORD WORKS,G03WV0015 95 HTRW,LRD LRL,,,,
WV Mason County,CHESHIRE,WEST VIRGINIA ORD WORKS,G03WV0015 97 BD/DR,LRD LRL,,,,
WV Mason County,CHESHIRE,WEST VIRGINIA ORD WORKS,G03WV0015 98 HTRW,LRD LRL,,,,
WV Mason County,CHESHIRE,WEST VIRGINIA ORD WORKS,G03WV0015 99 HTRW,LRD LRL,,,,
WV Mason County,CHESHIRE,WEST VIRGINIA ORD WORKS,G03WV0015 A0 HTRW,LRD LRL,,,,
WV Mason County,CHESHIRE,WEST VIRGINIA ORD WORKS,G03WV0015 A1 HTRW,LRD LRL,,,,
WV Marshall County,CLARINGTON,MARSHALL ARMY CHEMICAL PLANT,G03WV0294 05 PRP/HTRW,LRD LRL,,,,
WV Tucker County,DAVIS,WV MANEUVER AREA,G03WV0065 00 HTRW,LRD LRL,,,,
WV Jefferson County,KEARNEYSVILLE,JEFFERSON COUNTY RECEIVER,G03WV0067 01 CON/HTRW,LRD LRL,,,,
WV Jefferson County,KEARNEYSVILLE,JEFFERSON COUNTY RECEIVER,G03WV0067 02 BD/DR,LRD LRL,,,,
WV Tucker County,LANEVILLE,WV Maneuver Area/Dolly Sods,G03WV0013 04 MMRP,LRD LRL,,,,
WV Tucker County,LANEVILLE,WV Maneuver Area/Dolly Sods,G03WV0013 05 MMRP,LRD LRL,,,,
WV Tucker County,LANEVILLE,WV Maneuver Area/Dolly Sods,G03WV0013 06 MMRP,LRD LRL,,,,
WV Tucker County,LANEVILLE,WV Maneuver Area/Dolly Sods,G03WV0013 07 MMRP,LRD LRL,,,,
WV Tucker County,LANEVILLE,WV Maneuver Area/Dolly Sods,G03WV0013 08 MMRP,LRD LRL,,,,
WV Tucker County,LANEVILLE,WV Maneuver Area/Dolly Sods,G03WV0013 09 MMRP,LRD LRL,,,,
WV Tucker County,LANEVILLE,WV Maneuver Area/Dolly Sods,G03WV0013 10 MMRP,LRD LRL,,,,
WV Tucker County,LANEVILLE,WV Maneuver Area/Dolly Sods,G03WV0013 11 MMRP,LRD LRL,,,,
WV Monongalia County,MORGANTOWN,MORGANTOWN OW,G03WV0034 01 PRP/HTRW,LRD LRL,,,,
WV Putnam County,NITRO,US Explosives Plant C,G03WV0295 04 MMRP,LRD LRL,,,,
WV Putnam County,NITRO,US Explosives Plant C,G03WV0295 05 PRP/HTRW,LRD LRL,,,,
WV Kanawha County,POCATALICO,GUTHRIE AFS,G03WV0069 01 CON/HTRW,LRD LRL,,,,
WV Kanawha County,POCATALICO,GUTHRIE AFS,G03WV0069 02 BD/DR,LRD LRL,,,,
WV Jefferson County,RIPPON,JEFFERSON CO TRANSMITTER,G03WV0070 01 CON/HTRW,LRD LRL,,,,
WV Jefferson County,RIPPON,JEFFERSON CO TRANSMITTER,G03WV0070 02 BD/DR,LRD LRL,,,,
WV Kanawha County,SOUTH,NAVAL ORDNANCE PLANT,G03WV0291 01 CON/HTRW,LRD LRL,,,,
,CHARLESTON,,,,,,,
WV Kanawha County,SOUTH,NAVAL ORDNANCE PLANT,G03WV0291 02 CON/HTRW,LRD LRL,,,,
38 Sites in Wyoming,,,,,,,,
WY Natrona County,19 MI NW OF,CASPER PRE BOMB RGE NO 3,B08WY0429 01 MMRP,NWD NWO,,,,
,CASPER,,,,,,,
WY Converse County,25 MI NW,CASPER PRE BOMB RGE NO 1,B08WY0427 01 MMRP,NWD NWO,,,,
,DOUGLAS,,,,,,,
WY Natrona County,30 MI NW CASPER,CASPER AIR TO GROUND GUN RGE,B08WY0425 01 MMRP,NWD NWO,,,,
WY Natrona County,32 MI NW OF,CASPER PRE BOMB RGE NO 4,B08WY0430 01 MMRP,NWD NWO,,,,
,CASPER,,,,,,,
WY Converse County,64 MI NE OF,CASPER PRE BOMB RGE NO 2,B08WY0428 01 MMRP,NWD NWO,,,,
,CASPER,,,,,,,
WY Natrona County,7 MI NW OF,CASPER GRO GUN RGE,B08WY0426 01 MMRP,NWD NWO,,,,
,CASPER,,,,,,,
WY Natrona County,CASPER,CASPER AFB,B08WY0424 01 CON/HTRW,NWD NWO,,,,
WY Natrona County,CASPER,CASPER AFB,B08WY0424 02 HTRW,NWD NWO,,,,
WY Natrona County,CASPER,CASPER AFB,B08WY0424 03 MMRP,NWD NWO,,,,
WY Laramie County,CHEYENNE,FE WARREN AFB FAC SITE 1,B08WY0464 01 CON/HTRW,NWD NWO,,,,
WY Laramie County,CHEYENNE,FE WARREN AFB FAC SITE 1,B08WY0464 02 HTRW,NWD NWO,,,,
WY Laramie County,CHEYENNE,FE WARREN AFB FAC SITE 2,B08WY0465 01 CON/HTRW,NWD NWO,,,,
WY Laramie County,CHEYENNE,FE WARREN AFB FAC SITE 2,B08WY0465 02 HTRW,NWD NWO,,,,
WY Laramie County,CHEYENNE,FE WARREN AFB FAC SITE 3,B08WY0466 01 CON/HTRW,NWD NWO,,,,
364 Sites in Alaska,,,,,,,,
AK Yukon-koyukuk Census Area,160 MILES NE OF,,,POD POA,PORCUPINE RIVER DEW STAGING CAMP F10AK0994,1.0,CON/HTRW,
,YUKON,,,,,,,
AK Yukon-koyukuk Census Area,160 MILES NE OF,,,POD POA,PORCUPINE RIVER DEW STAGING CAMP F10AK0994,2.0,HTRW,
,YUKON,,,,,,,
AK Yukon-koyukuk Census Area,160 MILES NE OF,,,POD POA,PORCUPINE RIVER DEW STAGING CAMP F10AK0994,3.0,BD/DR,
,YUKON,,,,,,,
AK Nome Census Area,"7 MI N OF NOME,",,,POD POA,ANVIL MOUNTAIN AWS F10AK1018,0.0,BD/DR,
,AK,,,,,,,
AK Aleutians West Census Area,ADAK,,,POD POA,DAVIS AFB F10AK0434,1.0,CON/HTRW,
AK Aleutians West Census Area,ADAK,,,POD POA,DAVIS AFB F10AK0434,2.0,MMRP,
AK Aleutians West Census Area,ADAK,,,POD POA,DAVIS AFB F10AK0434,3.0,MMRP,
AK Aleutians West Census Area,ADAK,,,POD POA,DAVIS AFB F10AK0434,4.0,MMRP,
AK Aleutians West Census Area,ADAK,,,POD POA,DAVIS AFB F10AK0434,5.0,MMRP,
AK Aleutians West Census Area,ADAK,,,POD POA,DAVIS AFB F10AK0434,6.0,MMRP,
AK Aleutians West Census Area,ADAK ISLAND,,,POD POA,CAPE YAKAK RADIO STA F10AK0040,2.0,CON/HTRW,
AK Aleutians West Census Area,ADAK ISLAND,,,POD POA,CAPE YAKAK RADIO STA F10AK0040,3.0,HTRW,
AK Aleutians West Census Area,"ADAK, EAST OF",,,POD POA,GREAT SITKIN ISL F10AK0114,3.0,HTRW,
AK Aleutians West Census Area,"ADAK, EAST OF",,,POD POA,GREAT SITKIN ISL F10AK0114,4.0,MMRP,
AK Aleutians West Census Area,"ADAK,",AMCHITKA AF AUXILIARY FIELD,,POD POA,,,CON/HTRW,F10AK0858 02
,SOUTHWEST OF,,,,,,,
AK Aleutians West Census Area,"ADAK,",AMCHITKA AF AUXILIARY FIELD,,POD POA,,,HTRW,F10AK0858 03
,SOUTHWEST OF,,,,,,,
AK Aleutians West Census Area,"ADAK,",AMCHITKA AF AUXILIARY FIELD,,POD POA,,,MMRP,F10AK0858 04
,SOUTHWEST OF,,,,,,,
AK Aleutians West Census Area,"ADAK, WEST OF",TANAGA ISL,,POD POA,,,HTRW,F10AK0228 01
AK Aleutians West Census Area,"ADAK, WEST OF",TANAGA ISL,,POD POA,,,CON/HTRW,F10AK0228 02
AK Aleutians West Census Area,"ADAK, WEST OF",TANAGA ISL,,POD POA,,,MMRP,F10AK0228 03
AK Aleutians West Census Area,AGATTU,AGATTU ISLAND,,POD POA,,,HTRW,F10AK0025 03
AK Aleutians East Borough,"AKUTAN, SW OF",AKUTAN,,POD POA,,,CON/HTRW,F10AK0018 02
AK Aleutians East Borough,"AKUTAN, SW OF",AKUTAN,,POD POA,,,HTRW,F10AK0018 03
AK Aleutians West Census Area,ALEUTIAN,SEMISOPOCHNOI ISL,,POD POA,,,HTRW,F10AK0208 01
,ISLANDS,,,,,,,
AK Aleutians East Borough,ALEUTIAN,TIGALDA ISLAND,,POD POA,,,CON/HTRW,F10AK0376 01
,"ISLANDS,",,,,,,,
AK Aleutians West Census Area,ALEUTIAN,FORT LEARNARD,,POD POA,,,CON/HTRW,F10AK0017 01
,"ISLANDS,",,,,,,,
AK Aleutians West Census Area,ALEUTIAN,FORT LEARNARD,,POD POA,,,MMRP,F10AK0017 02
,"ISLANDS,",,,,,,,
AK Aleutians West Census Area,ALEUTIAN,FORT LEARNARD,,POD POA,,,MMRP,F10AK0017 03
AK Aleutians West Census Area,ALEUTIAN,KISKA ISL GARR(B & L),,POD POA,,,BD/DR,F10AK0137 01
,"ISLANDS,",,,,,,,
AK Aleutians West Census Area,ALEUTIAN,KISKA ISL GARR(B & L),,POD POA,,,HTRW,F10AK0137 03
,"ISLANDS,",,,,,,,
AK Aleutians West Census Area,ALEUTIAN,KISKA ISL GARR(B & L),,POD POA,,,MMRP,F10AK0137 04
,"ISLANDS,",,,,,,,
AK Aleutians West Census Area,ALEUTIAN,OGLIUGA ISL,,POD POA,,,CON/HTRW,F10AK0180 01
,"ISLANDS,",,,,,,,
AK Aleutians West Census Area,ALEUTIAN,OGLIUGA ISL,,POD POA,,,HTRW,F10AK0180 02
,"ISLANDS,",,,,,,,
AK Anchorage Borough,ANCHORAGE,ANCHORAGE ACS STO ANX,,POD POA,,,HTRW,F10AK0529 01
AK Matanuska-susitna Borough,"ANCHORAGE, N.",NIKE SITE BAY,,POD POA,,,CON/HTRW,F10AK0850 02
,OF,,,,,,,
AK Matanuska-susitna Borough,"ANCHORAGE, N.",NIKE SITE BAY,,POD POA,,,HTRW,F10AK0850 03
,OF,,,,,,,
AK Matanuska-susitna Borough,"ANCHORAGE, N.",NIKE SITE BAY,,POD POA,,,CON/HTRW,F10AK0850 06
,OF,,,,,,,
AK Matanuska-susitna Borough,"ANCHORAGE, NW.",SUSITNA GUNNERY RNG,,POD POA,,,MMRP,F10AK0225 06
,OF,,,,,,,
AK Matanuska-susitna Borough,"ANCHORAGE, NW.",SUSITNA GUNNERY RNG,,POD POA,,,MMRP,F10AK0225 08
,OF,,,,,,,
AK Matanuska-susitna Borough,"ANCHORAGE, NW.",SUSITNA GUNNERY RNG,,POD POA,,,MMRP,F10AK0225 09
AK Anchorage Borough,"ANCHORAGE, SE.",CHUGACH MTS-SHIP CREEK,,POD POA,,,CON/HTRW,F10AK0549 01
,OF,,,,,,,
AK Bethel Census Area,ANIAK AIRPORT,ANIAK ARPT,,POD POA,,,CON/HTRW,F10AK0499 01
AK Bethel Census Area,ANIAK AIRPORT,ANIAK ARPT,,POD POA,,,PRP/HTRW,F10AK0499 02
AK Aleutians West Census Area,ATKA ISLAND,ATKA AF AUX FLD,,POD POA,,,CON/HTRW,F10AK0851 01
AK Aleutians West Census Area,ATKA ISLAND,ATKA AF AUX FLD,,POD POA,,,HTRW,F10AK0851 02
AK Aleutians West Census Area,ATKA ISLAND,ATKA AF AUX FLD,,POD POA,,,BD/DR,F10AK0851 03
AK Aleutians West Census Area,ATKA ISLAND,ATKA AF AUX FLD,,POD POA,,,MMRP,F10AK0851 04
AK Aleutians West Census Area,Atka Island,ATKA CAPE KUDUGNAX,,POD POA,,,BD/DR,F10AK1063 01
AK Aleutians West Census Area,Atka Island,ATKA CAPE KUDUGNAX,,POD POA,,,CON/HTRW,F10AK1063 02
AK Aleutians West Census Area,Atka Island,ATKA CAPE KUDUGNAX,,POD POA,,,HTRW,F10AK1063 03
AK Aleutians West Census Area,ATTU ISLAND,ATTU ISL MIL SITES,,POD POA,,,CON/HTRW,F10AK0055 02
AK Aleutians West Census Area,ATTU ISLAND,ATTU ISL MIL SITES,,POD POA,,,HTRW,F10AK0055 03
AK Aleutians West Census Area,ATTU ISLAND,ATTU ISL MIL SITES,,POD POA,,,MMRP/CWM,F10AK0055 04
AK Aleutians West Census Area,ATTU ISLAND,ATTU ISL MIL SITES,,POD POA,,,MMRP,F10AK0055 05
AK Aleutians West Census Area,ATTU ISLAND,ATTU ISL MIL SITES,,POD POA,,,MMRP,F10AK0055 06
AK Aleutians West Census Area,ATTU ISLAND,ATTU ISL MIL SITES,,POD POA,,,MMRP,F10AK0055 07
AK North Slope Borough,BARROW,BARROW LANDFILL,,POD POA,,,PRP/HTRW,F10AK1021 01
AK North Slope Borough,BARROW,ELSON LAGOON,,POD POA,,,BD/DR,F10AK0020 01
AK North Slope Borough,"BARROW, EAST OF",CAPE SIMPSON DEW-POW A,,POD POA,,,BD/DR,F10AK0021 01
AK North Slope Borough,"BARROW, EAST OF",CAPE SIMPSON DEW-POW A,,POD POA,,,CON/HTRW,F10AK0021 02
AK North Slope Borough,"BARROW, EAST OF",CAPE SIMPSON DEW-POW A,,POD POA,,,HTRW,F10AK0021 03
AK North Slope Borough,"BARROW, EAST OF",KOGRU DEW (POW B),,POD POA,,,CON/HTRW,F10AK0022 02
AK North Slope Borough,"BARROW, EAST OF",KOGRU DEW (POW B),,POD POA,,,HTRW,F10AK0022 03
AK North Slope Borough,"BARROW, EAST OF",KOGRU DEW (POW B),,POD POA,,,HTRW,F10AK0022 04
AK North Slope Borough,"BARROW, EAST OF",KOGRU DEW (POW B),,POD POA,,,HTRW,F10AK0022 05
AK North Slope Borough,"BARROW, IN & E.",POINT BARROW RADIO STA,,POD POA,,,BD/DR,F10AK0472 01
,OF,,,,,,,
AK Bethel Census Area,"BETHEL, SOUTH",BETHEL ARPT,,POD POA,,,BD/DR,F10AK0514 01
,OF,,,,,,,
AK Bethel Census Area,"BETHEL, SOUTH",BETHEL ARPT,,POD POA,,,CON/HTRW,F10AK0514 02
,OF,,,,,,,
AK Bethel Census Area,"BETHEL, SOUTH",BETHEL ARPT,,POD POA,,,HTRW,F10AK0514 03
,OF,,,,,,,
AK Bethel Census Area,"BETHEL, SOUTH",BETHEL ARPT,,POD POA,,,CON/HTRW,F10AK0514 04
,OF,,,,,,,
AK Bethel Census Area,"BETHEL, WEST OF",BETHEL BIA HDQRS,,POD POA,,,CON/HTRW,F10AK0510 01
AK Aleutians East Borough,COLD BAY,COLD BAY - FORT RANDALL,,POD POA,,,CON/HTRW,F10AK0845 01
AK Aleutians East Borough,COLD BAY,COLD BAY - FORT RANDALL,,POD POA,,,HTRW,F10AK0845 02
AK Aleutians East Borough,COLD BAY,COLD BAY - FORT RANDALL,,POD POA,,,CON/HTRW,F10AK0845 03
AK Aleutians East Borough,COLD BAY,COLD BAY - FORT RANDALL,,POD POA,,,MMRP,F10AK0845 04
AK Aleutians East Borough,COLD BAY,COLD BAY - FORT RANDALL,,POD POA,,,CON/HTRW,F10AK0845 05
AK Aleutians East Borough,COLD BAY,COLD BAY - FORT RANDALL,,POD POA,,,CON/HTRW,F10AK0845 06
AK Aleutians East Borough,"COLD BAY, SOUTH",CATON ISLAND,,POD POA,,,CON/HTRW,F10AK0029 01
,OF,,,,,,,
AK Aleutians East Borough,"COLD BAY, SOUTH",CATON ISLAND,,POD POA,,,HTRW,F10AK0029 02
,OF,,,,,,,
AK Aleutians East Borough,"COLD BAY, SOUTH",SANAK ISLAND ARMY AWS,,POD POA,,,CON/HTRW,F10AK0204 01
,OF,,,,,,,
AK Aleutians East Borough,"COLD BAY, SOUTH",SANAK ISLAND ARMY AWS,,POD POA,,,HTRW,F10AK0204 02
,OF,,,,,,,
AK Valdez-cordova Census Area,CORDOVA,CORDOVA AF,,POD POA,,,PRP/HTRW,F10AK0084 05
AK Prince Of Wales-outer,CRAIG,CRAIG ACS SITE,,POD POA,,,CON/HTRW,F10AK0085 01
Ketchikan Census Area,,,,,,,,
AK Prince Of Wales-outer,CRAIG,CRAIG ACS SITE,,POD POA,,,HTRW,F10AK0085 03
Ketchikan Census Area,,,,,,,,
AK Southeast Fairbanks Census,DELTA JUNCTION,GERSTLE RIVER EXPANSION AREA,,POD POA,,,HTRW,F10AK0984 03
Area,,,,,,,,
AK Southeast Fairbanks Census,DELTA JUNCTION,GERSTLE RIVER EXPANSION AREA,,POD POA,,,MMRP/CWM,F10AK0984 04
AK Aleutians West Census Area,DUTCH HARBOR,CHERNOFSKI HBR SUP&STO,,POD POA,,,BD/DR,F10AK0013 01
AK Aleutians West Census Area,DUTCH HARBOR,CHERNOFSKI HBR SUP&STO,,POD POA,,,CON/HTRW,F10AK0013 02
AK Aleutians West Census Area,DUTCH HARBOR,CHERNOFSKI HBR SUP&STO,,POD POA,,,HTRW,F10AK0013 03
AK Aleutians East Borough,"DUTCH HARBOR,",UNALGA ISL NAV RADIO,,POD POA,,,CON/HTRW,F10AK0015 02
,NE,,,,,,,
AK Aleutians East Borough,"DUTCH HARBOR,",UNALGA ISL NAV RADIO,,POD POA,,,HTRW,F10AK0015 03
,NE,,,,,,,
AK Aleutians West Census Area,"DUTCH HARBOR,",DRIFTWOOD BAY RR STA,,POD POA,,,CON/HTRW,F10AK0016 02
,NW.,,,,,,,
AK Aleutians West Census Area,"DUTCH HARBOR,",FORT GLENN,,POD POA,,,BD/DR,F10AK0298 01
,W OF,,,,,,,
AK Aleutians West Census Area,"DUTCH HARBOR,",FORT GLENN,,POD POA,,,CON/HTRW,F10AK0298 02
,W OF,,,,,,,
AK Aleutians West Census Area,"DUTCH HARBOR,",FORT GLENN,,POD POA,,,HTRW,F10AK0298 03
,W OF,,,,,,,
AK Aleutians West Census Area,"DUTCH HARBOR,",FORT GLENN,,POD POA,,,MMRP,F10AK0298 04
,W OF,,,,,,,
AK Aleutians West Census Area,"DUTCH HARBOR,",FORT GLENN,,POD POA,,,MMRP/CWM,F10AK0298 05
,W OF,,,,,,,
AK Aleutians West Census Area,"DUTCH HARBOR,",FORT GLENN,,POD POA,,,MMRP,F10AK0298 06
,W OF,,,,,,,
AK Aleutians West Census Area,"DUTCH HARBOR,",FORT GLENN,,POD POA,,,MMRP,F10AK0298 07
AK Aleutians West Census Area,"DUTCH HARBOR,",FORT GLENN,,POD POA,,,MMRP,F10AK0298 08
,W OF,,,,,,,
AK Aleutians West Census Area,"DUTCH HARBOR,",FORT GLENN,,POD POA,,,MMRP,F10AK0298 09
,W OF,,,,,,,
AK Aleutians West Census Area,"DUTCH HARBOR,",FORT GLENN,,POD POA,,,MMRP,F10AK0298 10
,W OF,,,,,,,
AK Aleutians West Census Area,"DUTCH HARBOR,",FORT GLENN,,POD POA,,,MMRP,F10AK0298 11
,W OF,,,,,,,
AK Aleutians West Census Area,"DUTCH HARBOR,",FORT GLENN,,POD POA,,,MMRP,F10AK0298 12
,W OF,,,,,,,
AK Aleutians West Census Area,"DUTCH HARBOR,",FORT GLENN,,POD POA,,,MMRP,F10AK0298 13
,W OF,,,,,,,
AK Anchorage Borough,EKLUTNA,EKLUTNA ARMY SITES,,POD POA,,,HTRW,F10AK0097 01
AK Fairbanks North Star,FAIRBANKS,BADGER RD (ARC SUR YD),,POD POA,,,HTRW,F10AK0799 03
Borough,,,,,,,,
AK Fairbanks North Star,FAIRBANKS,EIELSON FARM ROAD AAA SITE,,POD POA,,,HTRW,F10AK1059 01
Borough,,,,,,,,
AK Fairbanks North Star,FAIRBANKS,EIELSON FARM ROAD AAA SITE,,POD POA,,,CON/HTRW,F10AK1059 02
Borough,,,,,,,,
AK Fairbanks North Star,"FAIRBANKS, E. OF",FAIRBANKS AACS AND ACS,,POD POA,,,BD/DR,F10AK0855 01
Borough,,,,,,,,
AK Fairbanks North Star,"FAIRBANKS, N. OF",NIKE SITE LOVE,,POD POA,,,BD/DR,F10AK0854 01
AK Fairbanks North Star,"FAIRBANKS, N. OF",NIKE SITE LOVE,,POD POA,,,CON/HTRW,F10AK0854 02
Borough,,,,,,,,
AK Fairbanks North Star,"FAIRBANKS, N. OF",PEDRO DOME,,POD POA,,,CON/HTRW,F10AK0751 02
Borough,,,,,,,,
AK Fairbanks North Star,"FAIRBANKS, N. OF",PEDRO DOME,,POD POA,,,HTRW,F10AK0751 03
Borough,,,,,,,,
AK Fairbanks North Star,"FAIRBANKS, N. OF",PEDRO DOME,,POD POA,,,CON/HTRW,F10AK0751 04
Borough,,,,,,,,
AK Fairbanks North Star,"FAIRBANKS, N. OF",PEDRO DOME,,POD POA,,,PRP/HTRW,F10AK0751 05
Borough,,,,,,,,
AK Fairbanks North Star,"FAIRBANKS, SE.",NIKE SITE JIG,,POD POA,,,BD/DR,F10AK0853 01
Borough,OF,,,,,,,
AK Matanuska-susitna Borough,"GLENNALLEN,",LAKE LOUISE,,POD POA,,,BD/DR,F10AK0847 01
,NW. OF,,,,,,,
AK Valdez-cordova Census Area,GULKANA,GULKANA PREP & ARMY,,POD POA,,,CON/HTRW,F10AK0319 01
AK Valdez-cordova Census Area,GULKANA,GULKANA PREP & ARMY,,POD POA,,,MMRP,F10AK0319 03
AK Skagway-hoonah-angoon,GUSTAVUS,GUSTAVUS ARPT,,POD POA,,,HTRW,F10AK0116 01
Census Area,,,,,,,,
AK Haines Borough,HAINES,HAINES FAIRBANKS PIPELINE,,POD POA,,,HTRW,F10AK1016 01
AK Haines Borough,HAINES,HAINES FAIRBANKS PIPELINE,,POD POA,,,CON/HTRW,F10AK1016 02
AK Haines Borough,HAINES,HAINES FAIRBANKS PIPELINE,,POD POA,,,CON/HTRW,F10AK1016 03
AK Haines Borough,HAINES,HAINES FAIRBANKS PIPELINE,,POD POA,,,CON/HTRW,F10AK1016 04
AK Haines Borough,HAINES,HAINES FAIRBANKS PIPELINE,,POD POA,,,CON/HTRW,F10AK1016 05
AK Haines Borough,HAINES,HAINES FAIRBANKS PIPELINE,,POD POA,,,CON/HTRW,F10AK1016 06
AK Haines Borough,HAINES,HAINES FAIRBANKS PIPELINE,,POD POA,,,CON/HTRW,F10AK1016 07
AK Haines Borough,HAINES,HAINES FAIRBANKS PIPELINE,,POD POA,,,CON/HTRW,F10AK1016 08
AK Haines Borough,HAINES,HAINES FAIRBANKS PIPELINE,,POD POA,,,CON/HTRW,F10AK1016 09
AK Haines Borough,HAINES,HAINES FAIRBANKS PIPELINE,,POD POA,,,CON/HTRW,F10AK1016 10
AK Haines Borough,HAINES,HAINES FAIRBANKS PIPELINE,,POD POA,,,CON/HTRW,F10AK1016 11
AK Haines Borough,HAINES,HAINES FAIRBANKS PIPELINE,,POD POA,,,CON/HTRW,F10AK1016 12
AK Haines Borough,HAINES,HAINES FAIRBANKS PIPELINE,,POD POA,,,CON/HTRW,F10AK1016 13
AK Haines Borough,HAINES,HAINES FAIRBANKS PIPELINE,,POD POA,,,CON/HTRW,F10AK1016 14
AK Haines Borough,HAINES,HAINES FAIRBANKS PIPELINE,,POD POA,,,CON/HTRW,F10AK1016 15
AK Haines Borough,HAINES,HAINES FAIRBANKS PIPELINE,,POD POA,,,CON/HTRW,F10AK1016 16
AK Haines Borough,HAINES,HAINES FAIRBANKS PIPELINE,,POD POA,,,CON/HTRW,F10AK1016 17
AK Haines Borough,HAINES,HAINES FAIRBANKS PIPELINE,,POD POA,,,CON/HTRW,F10AK1016 18
AK Haines Borough,HAINES-CANADA,HAINES MILITARY CUTOFF ROAD,,POD POA,,,HTRW,F10AK0566 03
,ROW,,,,,,,
AK Kenai Peninsula Borough,"HOMER, NE. OF",OHLSON MT,,POD POA,,,HTRW,F10AK0856 01
AK Kenai Peninsula Borough,"HOMER, NE. OF",OHLSON MT,,POD POA,,,CON/HTRW,F10AK0856 02
AK Skagway-hoonah-angoon,"HOONAH, SE.",HOONAH RRS,,POD POA,,,BD/DR,F10AK0122 01
Census Area,EDGE,,,,,,,
AK Skagway-hoonah-angoon,"HOONAH, SE.",HOONAH RRS,,POD POA,,,CON/HTRW,F10AK0122 02
Census Area,EDGE,,,,,,,
AK Skagway-hoonah-angoon,"HOONAH, SE.",HOONAH RRS,,POD POA,,,HTRW,F10AK0122 03
Census Area,EDGE,,,,,,,
AK Skagway-hoonah-angoon,"HOONAH, SE.",HOONAH RRS,,POD POA,,,PRP/HTRW,F10AK0122 04
Census Area,EDGE,,,,,,,
AK North Slope Borough,KAKTOVIK,BARTER ISLAND DEW STATION,,POD POA,,,CON/HTRW,F10AK0995 01
AK North Slope Borough,"KAKTOVIK, NEAR",LAKE PETERS,,POD POA,,,BD/DR,F10AK0259 01
AK North Slope Borough,"KAKTOVIK, NEAR",LAKE PETERS,,POD POA,,,CON/HTRW,F10AK0259 02
AK North Slope Borough,"KAKTOVIK, NEAR",LAKE PETERS,,POD POA,,,HTRW,F10AK0259 03
AK North Slope Borough,"KAKTOVIK, SW. OF",COLLINSON POINT DEW,,POD POA,,,BD/DR,F10AK0006 01
AK North Slope Borough,"KAKTOVIK, SW. OF",COLLINSON POINT DEW,,POD POA,,,CON/HTRW,F10AK0006 02
AK North Slope Borough,"KAKTOVIK, SW. OF",COLLINSON POINT DEW,,POD POA,,,HTRW,F10AK0006 03
AK Kenai Peninsula Borough,KENAI,WILDWOOD AFS,,POD POA,,,CON/HTRW,F10AK0251 01
AK Kenai Peninsula Borough,KENAI,WILDWOOD AFS,,POD POA,,,BD/DR,F10AK0251 02
AK Kenai Peninsula Borough,KENAI,WILDWOOD AFS,,POD POA,,,HTRW,F10AK0251 03
AK Kenai Peninsula Borough,KENAI,WILDWOOD AFS,,POD POA,,,HTRW,F10AK0251 04
AK Kenai Peninsula Borough,KENAI,WILDWOOD AFS,,POD POA,,,HTRW,F10AK0251 05
AK Kodiak Island Borough,KODIAK,CAPE CHINIAK TRACK STA,,POD POA,,,BD/DR,F10AK0279 01
AK Kodiak Island Borough,KODIAK,CAPE CHINIAK TRACK STA,,POD POA,,,CON/HTRW,F10AK0279 02
AK Kodiak Island Borough,KODIAK,CAPE CHINIAK TRACK STA,,POD POA,,,HTRW,F10AK0279 03
AK Kodiak Island Borough,KODIAK,FORT TIDBALL/LONG ISLAND,,POD POA,,,BD/DR,F10AK0280 01
AK Kodiak Island Borough,KODIAK,FORT TIDBALL/LONG ISLAND,,POD POA,,,CON/HTRW,F10AK0280 02
AK Kodiak Island Borough,KODIAK,FORT TIDBALL/LONG ISLAND,,POD POA,,,HTRW,F10AK0280 03
AK Kodiak Island Borough,KODIAK,KODIAK NAVY/ARMY,,POD POA,,,HTRW,F10AK1007 01
AK Kodiak Island Borough,KODIAK,KODIAK NAVY/ARMY,,POD POA,,,HTRW,F10AK1007 02
AK Kodiak Island Borough,KODIAK,KODIAK NAVY/ARMY,,POD POA,,,HTRW,F10AK1007 04
AK Kodiak Island Borough,KODIAK,KODIAK NAVY/ARMY,,POD POA,,,HTRW,F10AK1007 05
AK Kodiak Island Borough,KODIAK,KODIAK NAVY/ARMY,,POD POA,,,HTRW,F10AK1007 06
AK Kodiak Island Borough,KODIAK,KODIAK NAVY/ARMY,,POD POA,,,CON/HTRW,F10AK1007 07
AK Kodiak Island Borough,KODIAK,KODIAK NAVY/ARMY,,POD POA,,,CON/HTRW,F10AK1007 08
AK Kodiak Island Borough,KODIAK,KODIAK NAVY/ARMY,,POD POA,,,HTRW,F10AK1007 09
AK Kodiak Island Borough,KODIAK,KODIAK NAVY/ARMY,,POD POA,,,HTRW,F10AK1007 10
AK Kodiak Island Borough,KODIAK,KODIAK NAVY/ARMY,,POD POA,,,HTRW,F10AK1007 11
AK Kodiak Island Borough,KODIAK,KODIAK NAVY/ARMY,,POD POA,,,HTRW,F10AK1007 12
AK Kodiak Island Borough,KODIAK,SITKINAK ISL RADIO REL,,POD POA,,,BD/DR,F10AK0287 01
AK Kodiak Island Borough,KODIAK ISLAND,BRUHN PT. (KODIAK ISL),,POD POA,,,HTRW,F10AK0901 03
AK Kodiak Island Borough,KODIAK ISLAND,BUSKIN BCH-KODIAK ISL,,POD POA,,,BD/DR,F10AK0902 01
AK Kodiak Island Borough,KODIAK ISLAND,BUSKIN BCH-KODIAK ISL,,POD POA,,,HTRW,F10AK0902 03
AK Kodiak Island Borough,KODIAK ISLAND,BUSKIN BCH-KODIAK ISL,,POD POA,,,CON/HTRW,F10AK0902 04
AK Kodiak Island Borough,KODIAK ISLAND,BUSKIN BCH-KODIAK ISL,,POD POA,,,HTRW,F10AK0902 05
AK Kodiak Island Borough,KODIAK ISLAND,BUSKIN BCH-KODIAK ISL,,POD POA,,,HTRW,F10AK0902 06
AK Kodiak Island Borough,KODIAK ISLAND,BUSKIN BCH-KODIAK ISL,,POD POA,,,HTRW,F10AK0902 07
AK Kodiak Island Borough,"KODIAK, SW. OF",BURMA ROAD,,POD POA,,,BD/DR,F10AK0291 01
AK Kodiak Island Borough,"KODIAK, SW. OF",BURMA ROAD,,POD POA,,,MMRP,F10AK0291 02
AK Kodiak Island Borough,"KODIAK, SW. OF",BURMA ROAD,,POD POA,,,HTRW,F10AK0291 03
AK Kodiak Island Borough,"KODIAK, SW. OF",BURMA ROAD,,POD POA,,,MMRP,F10AK0291 05
AK Kodiak Island Borough,"KODIAK, SW. OF",BURMA ROAD,,POD POA,,,MMRP,F10AK0291 06
AK Kodiak Island Borough,"KODIAK, SW. OF",BURMA ROAD,,POD POA,,,MMRP,F10AK0291 07
AK Kodiak Island Borough,"KODIAK, SW. OF",BURMA ROAD,,POD POA,,,MMRP,F10AK0291 08
AK Kodiak Island Borough,"KODIAK, SW. OF",KODIAK CG SUP CNTR,,POD POA,,,BD/DR,F10AK0840 01
AK Northwest Arctic Borough,"KOTZEBUE, NW.",KRUSENSTERN RR ANX,,POD POA,,,BD/DR,F10AK0035 01
,OF,,,,,,,
AK Northwest Arctic Borough,"KOTZEBUE, NW.",KRUSENSTERN RR ANX,,POD POA,,,CON/HTRW,F10AK0035 02
AK Northwest Arctic Borough,"KOTZEBUE, NW.",KRUSENSTERN RR ANX,,POD POA,,,HTRW,F10AK0035 03
,OF,,,,,,,
AK Matanuska-susitna Borough,LAKE LOUISE,LAKE LOUISE AIRFIELD,,POD POA,,,CON/HTRW,F10AK0997 01
AK Yukon-koyukuk Census Area,MCGRATH,"WALSETH AFB,MCGRATH",,POD POA,,,CON/HTRW,F10AK0247 02
AK Yukon-koyukuk Census Area,MCGRATH,"WALSETH AFB,MCGRATH",,POD POA,,,HTRW,F10AK0247 03
AK Prince Of Wales-outer,"METLAKATLA, S.",ANNETTE ISL LAND FLD,,POD POA,,,CON/HTRW,F10AK0051 01
Ketchikan Census Area,OF,,,,,,,
AK Prince Of Wales-outer,"METLAKATLA, S.",ANNETTE ISL LAND FLD,,POD POA,,,HTRW,F10AK0051 02
Ketchikan Census Area,OF,,,,,,,
AK North Slope Borough,NEAR KAKTOVIK,GRIFFIN POINT DEW,,POD POA,,,CON/HTRW,F10AK0008 02
AK North Slope Borough,NEAR KAKTOVIK,GRIFFIN POINT DEW,,POD POA,,,HTRW,F10AK0008 03
AK Kodiak Island Borough,NEAR KODIAK,FORT SMITH/LITTLE NS,,POD POA,,,BD/DR,F10AK0282 01
AK Kodiak Island Borough,NEAR KODIAK,FORT SMITH/LITTLE NS,,POD POA,,,CON/HTRW,F10AK0282 02
AK Kodiak Island Borough,NEAR KODIAK,FORT SMITH/LITTLE NS,,POD POA,,,HTRW,F10AK0282 03
AK Southeast Fairbanks Census,NO CITY,CANOL PIPELINE,,POD POA,,,HTRW,F10AK1033 01
Area,,,,,,,,
AK Nome Census Area,"NOME, EAST OF",MOSES POINT GARRISON,,POD POA,,,BD/DR,F10AK0162 01
AK Nome Census Area,"NOME, EAST OF",MOSES POINT GARRISON,,POD POA,,,CON/HTRW,F10AK0162 02
AK Nome Census Area,"NOME, EAST OF",MOSES POINT GARRISON,,POD POA,,,HTRW,F10AK0162 03
AK Nome Census Area,"NOME, NORTH OF",KOUGAROK AFB,,POD POA,,,BD/DR,F10AK0142 01
AK Nome Census Area,"NOME, NORTH OF",KOUGAROK AFB,,POD POA,,,CON/HTRW,F10AK0142 02
AK Nome Census Area,"NOME, NORTH OF",KOUGAROK AFB,,POD POA,,,HTRW,F10AK0142 03
AK Nome Census Area,"NOME, NORTH OF",LAVA LK WEATHER STA,,POD POA,,,BD/DR,F10AK0061 01
AK Nome Census Area,"NOME, NORTH OF",LAVA LK WEATHER STA,,POD POA,,,CON/HTRW,F10AK0061 02
AK Nome Census Area,"NOME, NORTH OF",LAVA LK WEATHER STA,,POD POA,,,HTRW,F10AK0061 03
AK Nome Census Area,"NOME,",PORT CLARENCE LORAN ST,,POD POA,,,BD/DR,F10AK0843 01
,NORTHWEST OF,,,,,,,
AK Nome Census Area,"NOME, NW. OF",CAPE PRINCE WALES AWS,,POD POA,,,BD/DR,F10AK0074 01
AK Nome Census Area,"NOME, NW. OF",CAPE PRINCE WALES AWS,,POD POA,,,CON/HTRW,F10AK0074 02
AK Nome Census Area,"NOME, NW. OF",CAPE PRINCE WALES AWS,,POD POA,,,HTRW,F10AK0074 03
AK Nome Census Area,"NOME, SE. OF",CAPE NOME ACS,,POD POA,,,BD/DR,F10AK0293 01
AK Nome Census Area,"NOME, SE. OF",CAPE NOME ACS,,POD POA,,,CON/HTRW,F10AK0293 02
AK Nome Census Area,"NOME, SE. OF",CAPE NOME ACS,,POD POA,,,HTRW,F10AK0293 03
AK Nome Census Area,"NOME,",NOME AREA DEF REGION,,POD POA,,,BD/DR,F10AK0052 01
,SURROUNDING,,,,,,,
AK Nome Census Area,"NOME,",NOME AREA DEF REGION,,POD POA,,,CON/HTRW,F10AK0052 02
,SURROUNDING,,,,,,,
AK Nome Census Area,"NOME,",NOME AREA DEF REGION,,POD POA,,,HTRW,F10AK0052 03
AK Nome Census Area,"NOME,",NOME AREA DEF REGION,,POD POA,,,HTRW,F10AK0052 04
,SURROUNDING,,,,,,,
AK Nome Census Area,"NOME,",NOME AREA DEF REGION,,POD POA,,,HTRW,F10AK0052 05
,SURROUNDING,,,,,,,
AK Nome Census Area,"NOME,",NOME AREA DEF REGION,,POD POA,,,HTRW,F10AK0052 06
,SURROUNDING,,,,,,,
AK Nome Census Area,"NOME,",NOME AREA DEF REGION,,POD POA,,,HTRW,F10AK0052 07
,SURROUNDING,,,,,,,
AK Nome Census Area,"NOME,",NOME AREA DEF REGION,,POD POA,,,HTRW,F10AK0052 08
,SURROUNDING,,,,,,,
AK Nome Census Area,"NOME,",NOME AREA DEF REGION,,POD POA,,,HTRW,F10AK0052 09
,SURROUNDING,,,,,,,
AK Nome Census Area,"NOME,",NOME AREA DEF REGION,,POD POA,,,HTRW,F10AK0052 10
,SURROUNDING,,,,,,,
AK Nome Census Area,"NOME,",NOME AREA DEF REGION,,POD POA,,,CON/HTRW,F10AK0052 11
,SURROUNDING,,,,,,,
AK Nome Census Area,"NOME, WEST OF",CAPE RODNEY (MIL SITE),,POD POA,,,BD/DR,F10AK0294 01
AK Nome Census Area,"NOME, WEST OF",CAPE RODNEY (MIL SITE),,POD POA,,,CON/HTRW,F10AK0294 02
AK Nome Census Area,"NOME, WEST OF",CAPE RODNEY (MIL SITE),,POD POA,,,HTRW,F10AK0294 03
AK Nome Census Area,"NOME, WEST OF",SLEDGE ISLAND,,POD POA,,,CON/HTRW,F10AK0614 01
AK North Slope Borough,"NORTH SLOPE,",DEMARCATION BAY DEW,,POD POA,,,BD/DR,F10AK0010 01
AK North Slope Borough,"NORTH SLOPE,",DEMARCATION BAY DEW,,POD POA,,,CON/HTRW,F10AK0010 02
,ANWR,,,,,,,
AK North Slope Borough,"NORTH SLOPE,",DEMARCATION BAY DEW,,POD POA,,,HTRW,F10AK0010 03
,ANWR,,,,,,,
AK North Slope Borough,"NORTH SLOPE,",CAPE THOMPSON NAV SITE,,POD POA,,,BD/DR,F10AK0001 01
,WEST,,,,,,,
AK North Slope Borough,"NORTH SLOPE,",CAPE THOMPSON NAV SITE,,POD POA,,,CON/HTRW,F10AK0001 02
,WEST,,,,,,,
AK North Slope Borough,"NORTH SLOPE,",CAPE THOMPSON NAV SITE,,POD POA,,,HTRW,F10AK0001 03
,WEST,,,,,,,
AK Southeast Fairbanks Census,NORTHWAY,NORTHWAY STAGING FLD,,POD POA,,,BD/DR,F10AK0347 01
Area,,,,,,,,
AK Southeast Fairbanks Census,NORTHWAY,NORTHWAY STAGING FLD,,POD POA,,,CON/HTRW,F10AK0347 02
Area,,,,,,,,
AK Southeast Fairbanks Census,NORTHWAY,NORTHWAY STAGING FLD,,POD POA,,,HTRW,F10AK0347 03
Area,,,,,,,,
AK Southeast Fairbanks Census,NORTHWAY,NORTHWAY STAGING FLD,,POD POA,,,HTRW,F10AK0347 04
Area,,,,,,,,
AK Southeast Fairbanks Census,NORTHWAY,NORTHWAY STAGING FLD,,POD POA,,,HTRW,F10AK0347 05
Area,,,,,,,,
AK Southeast Fairbanks Census,NORTHWAY,NORTHWAY STAGING FLD,,POD POA,,,HTRW,F10AK0347 06
Area,,,,,,,,
AK Southeast Fairbanks Census,NORTHWAY,NORTHWAY STAGING FLD,,POD POA,,,PRP/HTRW,F10AK0347 07
AK Southeast Fairbanks Census,NORTHWAY,NORTHWAY ACS,,POD POA,,,CON/HTRW,F10AK0177 02
Area,JUNCTION,,,,,,,
AK Southeast Fairbanks Census,NORTHWAY,NORTHWAY ACS,,POD POA,,,HTRW,F10AK0177 03
Area,JUNCTION,,,,,,,
AK North Slope Borough,"NR DEADHORSE,",MCINTYRE DEW STA(POW C,,POD POA,,,HTRW,F10AK0023 03
,NSB,,,,,,,
AK North Slope Borough,NR KAKTOVIK,BROWNLOW POINT DEW,,POD POA,,,BD/DR,F10AK0005 01
AK North Slope Borough,NR KAKTOVIK,BROWNLOW POINT DEW,,POD POA,,,CON/HTRW,F10AK0005 02
AK North Slope Borough,NR KAKTOVIK,BROWNLOW POINT DEW,,POD POA,,,HTRW,F10AK0005 03
AK North Slope Borough,NR KAKTOVIK,BROWNLOW POINT DEW,,POD POA,,,HTRW,F10AK0005 04
AK North Slope Borough,NR KAKTOVIK,MANNING POINT DEW,,POD POA,,,CON/HTRW,F10AK0007 02
AK North Slope Borough,NR KAKTOVIK,MANNING POINT DEW,,POD POA,,,HTRW,F10AK0007 03
AK North Slope Borough,NR KAKTOVIK,MANNING POINT DEW,,POD POA,,,CON/HTRW,F10AK0007 04
AK North Slope Borough,"NR KAKTOVIK, NSB",NUVAGAPAK PT DEW(BAR A,,POD POA,,,BD/DR,F10AK0009 01
AK North Slope Borough,"NR KAKTOVIK, NSB",NUVAGAPAK PT DEW(BAR A,,POD POA,,,CON/HTRW,F10AK0009 02
AK North Slope Borough,"NR KAKTOVIK, NSB",NUVAGAPAK PT DEW(BAR A,,POD POA,,,HTRW,F10AK0009 03
AK Sitka Borough,NW. OF SITKA,FORT RAY,,POD POA,,,BD/DR,F10AK0349 01
AK North Slope Borough,POINT HOPE,CAPE SABINE DEW(LIZ-A),,POD POA,,,CON/HTRW,F10AK0002 02
AK North Slope Borough,POINT HOPE,CAPE SABINE DEW(LIZ-A),,POD POA,,,HTRW,F10AK0002 03
AK Lake And Peninsula Borough,PORT HEIDEN,PORT HEIDEN,,POD POA,,,CON/HTRW,F10AK0027 02
AK Lake And Peninsula Borough,PORT HEIDEN,PORT HEIDEN,,POD POA,,,HTRW,F10AK0027 03
AK Lake And Peninsula Borough,PORT HEIDEN,PORT HEIDEN,,POD POA,,,HTRW,F10AK0027 04
AK Lake And Peninsula Borough,PORT HEIDEN,PORT HEIDEN,,POD POA,,,HTRW,F10AK0027 05
AK Aleutians East Borough,PORT MOLLER,PORT MOLLER,,POD POA,,,BD/DR,F10AK0028 01
AK Aleutians East Borough,PORT MOLLER,PORT MOLLER,,POD POA,,,CON/HTRW,F10AK0028 02
AK Aleutians East Borough,PORT MOLLER,PORT MOLLER,,POD POA,,,HTRW,F10AK0028 03
AK North Slope Borough,"PRUDOE BAY, SE.",JUNIPER CK FUEL DUMP,,POD POA,,,CON/HTRW,F10AK0844 00
,OF,,,,,,,
AK North Slope Borough,"PRUDOE BAY, SE.",JUNIPER CK FUEL DUMP,,POD POA,,,HTRW,F10AK0844 01
,OF,,,,,,,
AK North Slope Borough,"PT. BARROW, SW.",SKULL CLIFF LORAN ANNEX DEW,,POD POA,,,CON/HTRW,F10AK0215 02
,OF,,,,,,,
AK North Slope Borough,"PT. BARROW, SW.",SKULL CLIFF LORAN ANNEX DEW,,POD POA,,,HTRW,F10AK0215 03
,OF,,,,,,,
AK Kenai Peninsula Borough,S. OF SEWARD,BARWELL ISLAND,,POD POA,,,CON/HTRW,F10AK0058 01
AK Kenai Peninsula Borough,SEWARD,"CAINES HEAD, FT MCGILV",,POD POA,,,CON/HTRW,F10AK0039 02
AK Kenai Peninsula Borough,SEWARD,"CAINES HEAD, FT MCGILV",,POD POA,,,HTRW,F10AK0039 03
AK Valdez-cordova Census Area,SEWARD/CORDOV,MIDDLETON ISL AFS,,POD POA,,,HTRW,F10AK0158 03
AK Sitka Borough,SITKA,"FORT ROUSSEAU, SITKA",,POD POA,,,CON/HTRW,F10AK0350 03
AK Sitka Borough,SITKA,"FORT ROUSSEAU, SITKA",,POD POA,,,HTRW,F10AK0350 04
AK Sitka Borough,SITKA,"FORT ROUSSEAU, SITKA",,POD POA,,,HTRW,F10AK0350 05
AK Sitka Borough,SITKA,MT.EDGECUMBE/SITKA NOB,,POD POA,,,CON/HTRW,F10AK0496 02
AK Sitka Borough,SITKA,MT.EDGECUMBE/SITKA NOB,,POD POA,,,HTRW,F10AK0496 03
AK Sitka Borough,SITKA,MT.EDGECUMBE/SITKA NOB,,POD POA,,,PRP/HTRW,F10AK0496 04
AK Sitka Borough,"SITKA, NW. OF",KASIANA ISLS BASE STA,,POD POA,,,CON/HTRW,F10AK0132 01
AK Sitka Borough,"SITKA, NW. OF",KASIANA ISLS BASE STA,,POD POA,,,BD/DR,F10AK0132 02
AK Sitka Borough,"SITKA, SE. OF",FORT PIERCE,,POD POA,,,CON/HTRW,F10AK0066 01
AK Sitka Borough,"SITKA, WEST -","FORT BABCOCK, SITKA",,POD POA,,,CON/HTRW,F10AK0353 03
,KRUZO,,,,,,,
AK Sitka Borough,"SITKA, WEST -","FORT BABCOCK, SITKA",,POD POA,,,HTRW,F10AK0353 04
,KRUZO,,,,,,,
AK Nome Census Area,ST LAWRENCE,GAMBELL,,POD POA,,,BD/DR,F10AK0696 01
,ISLAND,,,,,,,
AK Nome Census Area,ST LAWRENCE,GAMBELL,,POD POA,,,CON/HTRW,F10AK0696 02
,ISLAND,,,,,,,
AK Nome Census Area,ST LAWRENCE,GAMBELL,,POD POA,,,HTRW,F10AK0696 03
,ISLAND,,,,,,,
AK Nome Census Area,ST LAWRENCE,GAMBELL,,POD POA,,,MMRP,F10AK0696 04
AK Nome Census Area,ST LAWRENCE,NE CAPE (ST LAWRENCE ISLAND),,POD POA,,,BD/DR,F10AK0969 01
,ISLAND,,,,,,,
AK Nome Census Area,ST LAWRENCE,NE CAPE (ST LAWRENCE ISLAND),,POD POA,,,CON/HTRW,F10AK0969 02
,ISLAND,,,,,,,
AK Nome Census Area,ST LAWRENCE,NE CAPE (ST LAWRENCE ISLAND),,POD POA,,,HTRW,F10AK0969 03
,ISLAND,,,,,,,
AK Nome Census Area,ST LAWRENCE,NE CAPE (ST LAWRENCE ISLAND),,POD POA,,,CON/HTRW,F10AK0969 05
,ISLAND,,,,,,,
AK Aleutians West Census Area,ST PAUL/ST,ST PAUL/ST GEORGE,,POD POA,,,BD/DR,F10AK0861 01
,GEORGE,,,,,,,
AK Nome Census Area,"TELLER, 20 MILES",AM RIVER AIR BASE,,POD POA,,,CON/HTRW,F10AK0814 01
,N,,,,,,,
AK Nome Census Area,"TELLER, NORTH",TELLER SUPPLY,,POD POA,,,BD/DR,F10AK0231 01
,OF,,,,,,,
AK Nome Census Area,TELLER/KOUGARO,DAVIDSON-S LANDING,,POD POA,,,BD/DR,F10AK0086 01
,K,,,,,,,
AK Nome Census Area,TELLER/KOUGARO,DAVIDSON-S LANDING,,POD POA,,,CON/HTRW,F10AK0086 02
,K,,,,,,,
AK Nome Census Area,TELLER/KOUGARO,DAVIDSON-S LANDING,,POD POA,,,HTRW,F10AK0086 03
,K,,,,,,,
AK Southeast Fairbanks Census,TOK,TOK (ACS RADIO RELAY),,POD POA,,,CON/HTRW,F10AK0234 01
Area,,,,,,,,
AK North Slope Borough,UMIAT,UMIAT AFS,,POD POA,,,CON/HTRW,F10AK0243 02
AK North Slope Borough,UMIAT,UMIAT AFS,,POD POA,,,HTRW,F10AK0243 03
AK North Slope Borough,UMIAT,UMIAT AFS,,POD POA,,,HTRW,F10AK0243 05
AK North Slope Borough,UMIAT,UMIAT AFS,,POD POA,,,HTRW,F10AK0243 06
AK North Slope Borough,UMIAT,UMIAT AFS,,POD POA,,,HTRW,F10AK0243 07
AK North Slope Borough,UMIAT,UMIAT AFS,,POD POA,,,HTRW,F10AK0243 08
AK North Slope Borough,UMIAT,UMIAT AFS,,POD POA,,,HTRW,F10AK0243 09
AK North Slope Borough,UMIAT,UMIAT AFS,,POD POA,,,CON/HTRW,F10AK0243 10
AK North Slope Borough,UMIAT,UMIAT AFS,,POD POA,,,HTRW,F10AK0243 11
AK Nome Census Area,"UNALAKLEET, E.",NORTH RIVER RRS ANX,,POD POA,,,BD/DR,F10AK0037 01
,OF,,,,,,,
AK Nome Census Area,"UNALAKLEET, E.",NORTH RIVER RRS ANX,,POD POA,,,CON/HTRW,F10AK0037 02
,OF,,,,,,,
AK Nome Census Area,"UNALAKLEET, E.",NORTH RIVER RRS ANX,,POD POA,,,HTRW,F10AK0037 03
,OF,,,,,,,
AK Nome Census Area,"UNALAKLEET, NE.",UNALAKLEET AFSTA,,POD POA,,,BD/DR,F10AK0036 01
AK Nome Census Area,"UNALAKLEET, NE.",UNALAKLEET AFSTA,,POD POA,,,CON/HTRW,F10AK0036 02
AK Nome Census Area,"UNALAKLEET, NE.",UNALAKLEET AFSTA,,POD POA,,,HTRW,F10AK0036 03
AK Nome Census Area,"UNALAKLEET, NE.",UNALAKLEET AFSTA,,POD POA,,,HTRW,F10AK0036 05
AK Aleutians West Census Area,UNALASKA,AMAKNAK,,POD POA,,,CON/HTRW,F10AK0841 01
AK Aleutians West Census Area,UNALASKA,AMAKNAK,,POD POA,,,PRP/HTRW,F10AK0841 02
AK Aleutians West Census Area,UNALASKA,AMAKNAK,,POD POA,,,HTRW,F10AK0841 03
AK Aleutians West Census Area,UNALASKA,AMAKNAK,,POD POA,,,HTRW,F10AK0841 04
AK Aleutians West Census Area,UNALASKA,AMAKNAK,,POD POA,,,HTRW,F10AK0841 05
AK Aleutians West Census Area,UNALASKA,AMAKNAK,,POD POA,,,HTRW,F10AK0841 06
AK Aleutians West Census Area,UNALASKA,AMAKNAK,,POD POA,,,MMRP/CWM,F10AK0841 07
AK Aleutians West Census Area,UNALASKA,AMAKNAK,,POD POA,,,CON/HTRW,F10AK0841 08
AK Aleutians West Census Area,UNALASKA,AMAKNAK,,POD POA,,,MMRP,F10AK0841 09
AK Aleutians West Census Area,UNALASKA,AMAKNAK,,POD POA,,,PRP/HTRW,F10AK0841 10
AK Aleutians West Census Area,UNALASKA,AMAKNAK,,POD POA,,,CON/HTRW,F10AK0841 11
AK Aleutians West Census Area,UNALASKA,AMAKNAK,,POD POA,,,CON/HTRW,F10AK0841 12
AK Aleutians West Census Area,UNALASKA,UGADAGA BAY STA,,POD POA,,,HTRW,F10AK0241 03
AK Aleutians West Census Area,"UNALASKA,",CAPE PROMINENCE AWS,,POD POA,,,CON/HTRW,F10AK0806 01
,SOUTH OF,,,,,,,
AK Aleutians East Borough,UNIMAK ISLAND,CAPE SARICHEF,,POD POA,,,BD/DR,F10AK0502 01
AK Aleutians East Borough,UNIMAK ISLAND,CAPE SARICHEF,,POD POA,,,CON/HTRW,F10AK0502 02
AK Aleutians East Borough,UNIMAK ISLAND,CAPE SARICHEF,,POD POA,,,HTRW,F10AK0502 03
AK Aleutians East Borough,UNIMAK ISLAND,SCOTCH CAP,,POD POA,,,BD/DR,F10AK0031 01
AK Aleutians East Borough,UNIMAK ISLAND,SCOTCH CAP,,POD POA,,,CON/HTRW,F10AK0031 02
AK Aleutians East Borough,UNIMAK ISLAND,SCOTCH CAP,,POD POA,,,HTRW,F10AK0031 03
AK North Slope Borough,WEST OF,ICY CPE DEW STA(LIZ-B),,POD POA,,,BD/DR,F10AK0003 01
,PT.BARROW,,,,,,,
AK North Slope Borough,WEST OF,ICY CPE DEW STA(LIZ-B),,POD POA,,,CON/HTRW,F10AK0003 02
,PT.BARROW,,,,,,,
AK North Slope Borough,WEST OF,ICY CPE DEW STA(LIZ-B),,POD POA,,,HTRW,F10AK0003 03
,PT.BARROW,,,,,,,
AK North Slope Borough,WEST OF,PEARD BAY DEW (LIZ-C),,POD POA,,,BD/DR,F10AK0004 01
,PT.BARROW,,,,,,,
AK North Slope Borough,WEST OF,PEARD BAY DEW (LIZ-C),,POD POA,,,CON/HTRW,F10AK0004 02
,PT.BARROW,,,,,,,
AK North Slope Borough,WEST OF,PEARD BAY DEW (LIZ-C),,POD POA,,,HTRW,F10AK0004 03
,PT.BARROW,,,,,,,
AK Valdez-cordova Census Area,WHITTIER,PORT OF WHITTIER,,POD POA,,,BD/DR,F10AK1000 01
AK Valdez-cordova Census Area,WHITTIER,PORT OF WHITTIER,,POD POA,,,CON/HTRW,F10AK1000 02
AK Valdez-cordova Census Area,WHITTIER,PORT OF WHITTIER,,POD POA,,,HTRW,F10AK1000 03
AK Valdez-cordova Census Area,WHITTIER,PORT OF WHITTIER,,POD POA,,,HTRW,F10AK1000 04
AK Valdez-cordova Census Area,WHITTIER,PORT OF WHITTIER,,POD POA,,,PRP/HTRW,F10AK1000 05
AK Yakutat Borough,YAKUTAT,CAPE YAKATAGA RRS,,POD POA,,,CON/HTRW,F10AK0788 02
AK Yakutat Borough,YAKUTAT,CAPE YAKATAGA RRS,,POD POA,,,HTRW,F10AK0788 03
AK Yakutat Borough,YAKUTAT,CAPE YAKATAGA RRS,,POD POA,,,PRP/HTRW,F10AK0788 04
AK Yakutat Borough,YAKUTAT,YAKUTAT AFB,,POD POA,,,CON/HTRW,F10AK0606 01
AK Yakutat Borough,YAKUTAT,YAKUTAT AFB,,POD POA,,,HTRW,F10AK0606 02
AK Yakutat Borough,YAKUTAT,YAKUTAT AFB,,POD POA,,,CON/HTRW,F10AK0606 04
AK Yakutat Borough,YAKUTAT,YAKUTAT AFB,,POD POA,,,CON/HTRW,F10AK0606 05
AK Yakutat Borough,YAKUTAT,YAKUTAT AFB,,POD POA,,,CON/HTRW,F10AK0606 06
AK Yakutat Borough,YAKUTAT,YAKUTAT AFB,,POD POA,,,CON/HTRW,F10AK0606 07
AK Yakutat Borough,"YAKUTAT, SW. OF",OCEAN CAPE RR SITE,,POD POA,,,CON/HTRW,F10AK0747 01
AK Yakutat Borough,"YAKUTAT, SW. OF",OCEAN CAPE RR SITE,,POD POA,,,HTRW,F10AK0747 03
